id,title,price,currency,price_period,price_type,price_raw_value,property_type,location,latitude,longitude,images,share_url,bedrooms,bathrooms,size,amenities,category,page,scraped_at_utc,record_type
8572018,SEA VIEW chalet ( 3 bedrooms ) - RTM - Foukabay,11350000.0,EGP,sell,sale_price,11350000,Chalet,"Fouka Bay, Qesm Marsa Matrouh, North Coast",31.090606689453125,27.94072723388672,"['https://static.shared.propertyfinder.eg/media/images/listing/P95FFD2VE05REJ50M1HXM8REZG/6749973e-15e7-465c-98f9-e4246bf1f944/416x272.jpg', 'https://static.shared.propertyfinder.eg/media/images/listing/P95FFD2VE05REJ50M1HXM8REZG/6749973e-15e7-465c-98f9-e4246bf1f944/668x452.jpg']",https://www.propertyfinder.eg/en/plp/buy/chalet-for-sale-north-coast-qesm-marsa-matrouh-fouka-bay-8572018.html,3.0,2.0,129,['BA'],buy,1,2026-02-19T14:59:11.753113+00:00,property
8698066,"Ready to move garden apt 140 sqm , 8 years plan.",800000.0,EGP,sell,sale_price,800000,Apartment,"Mountain View iCity, 5th Settlement Compounds, The 5th Settlement, New Cairo City, Cairo",30.06942367553711,31.5997371673584,"['https://static.shared.propertyfinder.eg/media/images/listing/7VBY2EZXNGA6YMJP89MW31EFQG/d0304399-cbd7-4886-993a-5dd71575619f/416x272.jpg', 'https://static.shared.propertyfinder.eg/media/images/listing/7VBY2EZXNGA6YMJP89MW31EFQG/d0304399-cbd7-4886-993a-5dd71575619f/668x452.jpg']",https://www.propertyfinder.eg/en/plp/buy/apartment-for-sale-cairo-new-cairo-city-the-5th-settlement-5th-settlement-compounds-mountain-view-icity-8698066.html,2.0,2.0,140,"['BA', 'BW', 'CP', 'PG', 'SP', 'VW', 'SE', 'SS', 'SY', 'WC', 'BL', 'LB', 'CO']",buy,1,2026-02-19T14:59:11.753113+00:00,property
8572009,TWIN HOUSE ( SEA VIEW ) 360 m For sale at D-Bay,23000000.0,EGP,sell,sale_price,23000000,Twin House,"D-Bay, Qesm Ad Dabaah, North Coast",31.080320358276367,28.393543243408203,"['https://static.shared.propertyfinder.eg/media/images/listing/1ZKF47DWGJMAJJ2KBK5XYQ5PWW/ce9314b2-4bae-41d5-aee9-7bad416feddb/416x272.jpg', 'https://static.shared.propertyfinder.eg/media/images/listing/1ZKF47DWGJMAJJ2KBK5XYQ5PWW/ce9314b2-4bae-41d5-aee9-7bad416feddb/668x452.jpg']",https://www.propertyfinder.eg/en/plp/buy/twin-house-for-sale-north-coast-qesm-ad-dabaah-d-bay-8572009.html,5.0,6.0,360,"['BA', 'BW', 'CP', 'BK', 'MR', 'PG', 'SP', 'VW', 'ST', 'SE', 'SS', 'SY', 'WC', 'BL', 'LB', 'CO']",buy,1,2026-02-19T14:59:11.753113+00:00,property
52721554,"Ready garden apart 158 sqm in Beverly, 5yrs plan",5600000.0,EGP,sell,sale_price,5600000,Apartment,"Six West, Beverly Hills, Sheikh Zayed Compounds, Sheikh Zayed City, Giza",30.07122802734375,30.936044692993164,"['https://static.shared.propertyfinder.eg/media/images/listing/DWWBG3GXDF1DC09W4KD4EFTYCR/d5c0dea7-dad6-492f-bbcf-8a7f175707fa/416x272.jpg', 'https://static.shared.propertyfinder.eg/media/images/listing/DWWBG3GXDF1DC09W4KD4EFTYCR/d5c0dea7-dad6-492f-bbcf-8a7f175707fa/668x452.jpg']",https://www.propertyfinder.eg/en/plp/buy/apartment-for-sale-giza-sheikh-zayed-city-sheikh-zayed-compounds-beverly-hills-six-west-2PWa8daHFrN.html,2.0,3.0,158,"['BA', 'BW', 'CP', 'PG', 'SP', 'VW', 'SE', 'SS', 'SY', 'WC', 'BL', 'LB', 'CO']",buy,1,2026-02-19T14:59:11.753113+00:00,property
8651935,Pay 52K per month&Get Finished Apartment in Zayed,,EGP,sell,suspicious_low,155220,Apartment,"Village West, Sheikh Zayed Compounds, Sheikh Zayed City, Giza",30.048093795776367,31.02005386352539,"['https://static.shared.propertyfinder.eg/media/images/listing/EX6NS7DYHG162P9B20J1FZ1CH0/4b88896a-3da1-46e1-8183-7352e53a543e/416x272.jpg', 'https://static.shared.propertyfinder.eg/media/images/listing/EX6NS7DYHG162P9B20J1FZ1CH0/4b88896a-3da1-46e1-8183-7352e53a543e/668x452.jpg']",https://www.propertyfinder.eg/en/plp/buy/apartment-for-sale-giza-sheikh-zayed-city-sheikh-zayed-compounds-village-west-8651935.html,3.0,3.0,200,"['BA', 'BW', 'CP', 'SP', 'SE', 'SS', 'ST', 'WC', 'SY', 'BL', 'LB', 'CO']",buy,1,2026-02-19T14:59:11.753113+00:00,property
52719731,RTM 164 sqm garden apt in New Cairo installments,3500000.0,EGP,sell,sale_price,3500000,Apartment,"El Patio 7, 5th Settlement Compounds, The 5th Settlement, New Cairo City, Cairo",30.00864791870117,31.42875862121582,"['https://static.shared.propertyfinder.eg/media/images/listing/GQX9JJP09GMB1J8YSF6PVJX1CG/1542bbb3-9e18-476e-8639-2ed51e8c196e/416x272.jpg', 'https://static.shared.propertyfinder.eg/media/images/listing/GQX9JJP09GMB1J8YSF6PVJX1CG/1542bbb3-9e18-476e-8639-2ed51e8c196e/668x452.jpg']",https://www.propertyfinder.eg/en/plp/buy/apartment-for-sale-cairo-new-cairo-city-the-5th-settlement-5th-settlement-compounds-el-patio-7-2PWWiqVKUue.html,3.0,3.0,164,"['BA', 'BW', 'CP', 'PG', 'SP', 'VW', 'SE', 'SS', 'SY', 'WC', 'BL', 'LB', 'CO']",buy,1,2026-02-19T14:59:11.753113+00:00,property
52972565,Corner Apt Bahry prime location 155m with 3 Bedrom,4400000.0,EGP,sell,sale_price,4400000,Apartment,"Mountain View iCity, 5th Settlement Compounds, The 5th Settlement, New Cairo City, Cairo",30.06942367553711,31.5997371673584,"['https://static.shared.propertyfinder.eg/media/images/listing/F2B3B3GMW8SG2G5BVXKDESHJVM/22f83625-e05c-4905-a52a-0bd280fbd60c/416x272.jpg', 'https://static.shared.propertyfinder.eg/media/images/listing/F2B3B3GMW8SG2G5BVXKDESHJVM/22f83625-e05c-4905-a52a-0bd280fbd60c/668x452.jpg']",https://www.propertyfinder.eg/en/plp/buy/apartment-for-sale-cairo-new-cairo-city-the-5th-settlement-5th-settlement-compounds-mountain-view-icity-2PY7rif9MH2.html,3.0,3.0,155,"['BA', 'SE']",buy,1,2026-02-19T14:59:11.753113+00:00,property
8447566,apartment 206m next Al Ahly Club Over 10y in Zayed,1100000.0,EGP,sell,sale_price,1100000,Apartment,"U One, Sheikh Zayed Compounds, Sheikh Zayed City, Giza",30.078527450561523,30.993070602416992,"['https://static.shared.propertyfinder.eg/media/images/listing/4SJJKTXBD4682AS8X24EGJDTK4/377291a2-6ffa-4fc6-baa5-1c9d88e0f98b/416x272.jpg', 'https://static.shared.propertyfinder.eg/media/images/listing/4SJJKTXBD4682AS8X24EGJDTK4/377291a2-6ffa-4fc6-baa5-1c9d88e0f98b/668x452.jpg']",https://www.propertyfinder.eg/en/plp/buy/apartment-for-sale-giza-sheikh-zayed-city-sheikh-zayed-compounds-u-one-8447566.html,3.0,3.0,20,"['BA', 'BW', 'CP', 'BK', 'SP', 'ST', 'SE', 'SS', 'SY', 'WC', 'BL', 'LB', 'CO']",buy,1,2026-02-19T14:59:11.753113+00:00,property
51121662,Villa for sale in Rabwa with swimming pool overloo,68000000.0,EGP,sell,sale_price,68000000,Villa,"Al  Rabwa, Sheikh Zayed Compounds, Sheikh Zayed City, Giza",30.065696716308597,30.987491607666016,"['https://static.shared.propertyfinder.eg/media/images/listing/SZF574PBWNCTNM4S4WMV6X15DM/be505e82-8acc-4278-af83-226602c93e41/416x272.jpg', 'https://static.shared.propertyfinder.eg/media/images/listing/SZF574PBWNCTNM4S4WMV6X15DM/be505e82-8acc-4278-af83-226602c93e41/668x452.jpg']",https://www.propertyfinder.eg/en/plp/buy/villa-for-sale-giza-sheikh-zayed-city-sheikh-zayed-compounds-al-rabwa-2OiccwtaeO0.html,7.0,7.0,1150,"['BA', 'LB', 'WC', 'SY', 'SE', 'ST', 'SP']",buy,1,2026-02-19T14:59:11.753113+00:00,property
52711116,Largest Villa in La Vista City Modern Delivered,40000000.0,EGP,sell,sale_price,40000000,Villa,"La Vista City, New Capital Compounds, New Capital City, Cairo",30.002904891967773,31.595441818237305,"['https://static.shared.propertyfinder.eg/media/images/listing/HPWCAZ1VY3NT0EGWYQ9H0CQR54/a6ed3089-183f-410f-9540-e0b75d551057/416x272.jpg', 'https://static.shared.propertyfinder.eg/media/images/listing/HPWCAZ1VY3NT0EGWYQ9H0CQR54/a6ed3089-183f-410f-9540-e0b75d551057/668x452.jpg']",https://www.propertyfinder.eg/en/plp/buy/villa-for-sale-cairo-new-capital-city-new-capital-compounds-la-vista-city-2PWG7AotoHo.html,6.0,6.0,560,"['BA', 'CO', 'SE', 'VW', 'LB', 'BW']",buy,1,2026-02-19T14:59:11.753113+00:00,property
51047484,Lowest Price 182m Prime Location Delivered in S1,6000000.0,EGP,sell,sale_price,6000000,Apartment,"S1, Sarai, Mostakbal City Compounds, Mostakbal City - Future City, Cairo",30.090049743652344,31.70280647277832,"['https://static.shared.propertyfinder.eg/media/images/listing/CFFV33H54375PXXVZ85BFRK9J0/3244fa62-205e-42de-a7a7-f7b4b49b6942/416x272.jpg', 'https://static.shared.propertyfinder.eg/media/images/listing/CFFV33H54375PXXVZ85BFRK9J0/3244fa62-205e-42de-a7a7-f7b4b49b6942/668x452.jpg']",https://www.propertyfinder.eg/en/plp/buy/apartment-for-sale-cairo-mostakbal-city---future-city-mostakbal-city-compounds-sarai-2PHHcFjKR9M.html,3.0,4.0,182,"['BA', 'BL', 'LB', 'VW', 'SE', 'ST', 'SY']",buy,1,2026-02-19T14:59:11.753113+00:00,property
8676848,chalet with installments at swan lake north,22000099.0,EGP,sell,sale_price,22000099,Chalet,"Swan Lake North Coast, Qesm Ad Dabaah, North Coast",31.07483673095703,28.061288833618164,"['https://static.shared.propertyfinder.eg/media/images/listing/NRYWQAHZ5DMSSJKBNYS5SKEPD8/f201e4b2-1063-4b71-89ed-db3c1f67ea28/416x272.jpg', 'https://static.shared.propertyfinder.eg/media/images/listing/NRYWQAHZ5DMSSJKBNYS5SKEPD8/f201e4b2-1063-4b71-89ed-db3c1f67ea28/668x452.jpg']",https://www.propertyfinder.eg/en/plp/buy/chalet-for-sale-north-coast-qesm-ad-dabaah-swan-lake-north-coast-8676848.html,4.0,4.0,230,"['BA', 'BL', 'SY', 'SE', 'VW']",buy,1,2026-02-19T14:59:11.753113+00:00,property
8702676,S villa for sale at taj city ready to move,17000000.0,EGP,sell,sale_price,17000000,Villa,"Taj City, 5th Settlement Compounds, The 5th Settlement, New Cairo City, Cairo",30.078453063964844,31.42692375183105,"['https://static.shared.propertyfinder.eg/media/images/listing/55NMMPFQDRB4264DZFZA38BHVM/f3ac2522-03f3-43b0-9cd6-41f804b32ccc/416x272.jpg', 'https://static.shared.propertyfinder.eg/media/images/listing/55NMMPFQDRB4264DZFZA38BHVM/f3ac2522-03f3-43b0-9cd6-41f804b32ccc/668x452.jpg']",https://www.propertyfinder.eg/en/plp/buy/villa-for-sale-cairo-new-cairo-city-the-5th-settlement-5th-settlement-compounds-taj-city-8702676.html,3.0,4.0,278,"['BA', 'BL', 'SE', 'VW', 'SS', 'CO']",buy,1,2026-02-19T14:59:11.753113+00:00,property
8693095,town corner prime location in sarai lowest price,10500000.0,EGP,sell,sale_price,10500000,Townhouse,"Elan Sarai, Sarai, Mostakbal City Compounds, Mostakbal City - Future City, Cairo",30.088159561157227,31.704391479492188,"['https://static.shared.propertyfinder.eg/media/images/listing/TBB44AKWMCJXJWDTGDS46Z7KGC/cf725cf9-8099-4ed7-bafd-d4d707e65c6e/416x272.jpg', 'https://static.shared.propertyfinder.eg/media/images/listing/TBB44AKWMCJXJWDTGDS46Z7KGC/cf725cf9-8099-4ed7-bafd-d4d707e65c6e/668x452.jpg']",https://www.propertyfinder.eg/en/plp/buy/townhouse-for-sale-cairo-mostakbal-city---future-city-mostakbal-city-compounds-sarai-8693095.html,3.0,3.0,185,"['BA', 'BL', 'VW', 'SE', 'CO', 'SY']",buy,1,2026-02-19T14:59:11.753113+00:00,property
8659143,Sarai s1 delivered apartment fully finished,4800000.0,EGP,sell,sale_price,4800000,Apartment,"S1, Sarai, Mostakbal City Compounds, Mostakbal City - Future City, Cairo",30.090049743652344,31.70280647277832,"['https://static.shared.propertyfinder.eg/media/images/listing/Q7N2DZ9P1RY2MQ0RQC7DFJFQH8/25a62114-b671-4b65-b96e-35bcc56487da/416x272.jpg', 'https://static.shared.propertyfinder.eg/media/images/listing/Q7N2DZ9P1RY2MQ0RQC7DFJFQH8/25a62114-b671-4b65-b96e-35bcc56487da/668x452.jpg']",https://www.propertyfinder.eg/en/plp/buy/apartment-for-sale-cairo-mostakbal-city---future-city-mostakbal-city-compounds-sarai-8659143.html,2.0,2.0,125,"['BA', 'BL', 'SS', 'VW', 'CO', 'LB']",buy,1,2026-02-19T14:59:11.753113+00:00,property
8689498,A distinctive apartment for sale in ZED Towers,9500000.0,EGP,sell,sale_price,9500000,Apartment,"Park Side Residence, Zed Towers, Sheikh Zayed Compounds, Sheikh Zayed City, Giza",30.046802520751957,31.002105712890625,"['https://static.shared.propertyfinder.eg/media/images/listing/4SSP9STYG9HHQA92Y2BFQ1122W/2a5f2589-d2e7-4327-aec0-f2c5e014f62b/416x272.jpg', 'https://static.shared.propertyfinder.eg/media/images/listing/4SSP9STYG9HHQA92Y2BFQ1122W/2a5f2589-d2e7-4327-aec0-f2c5e014f62b/668x452.jpg']",https://www.propertyfinder.eg/en/plp/buy/apartment-for-sale-giza-sheikh-zayed-city-sheikh-zayed-compounds-zed-towers-park-side-residence-8689498.html,2.0,3.0,135,"['BA', 'AC', 'BK', 'WC', 'BL']",buy,1,2026-02-19T14:59:11.753113+00:00,property
52973883,"Pool View Studio in noor city,Near Best way",1850000.0,EGP,sell,sale_price,1850000,Apartment,"Al Ahyaa District, Hurghada, Red Sea",27.280988693237305,33.77423858642578,"['https://static.shared.propertyfinder.eg/media/images/listing/NQKK2YVWPKJ8M36V6T2Q8C9WQR/ae19e2fe-cdbc-4bb0-8f33-d1c312927ae3/416x272.jpg', 'https://static.shared.propertyfinder.eg/media/images/listing/NQKK2YVWPKJ8M36V6T2Q8C9WQR/ae19e2fe-cdbc-4bb0-8f33-d1c312927ae3/668x452.jpg']",https://www.propertyfinder.eg/en/plp/buy/apartment-for-sale-red-sea-hurghada-al-ahyaa-district-2PYDaySOVAO.html,,1.0,58,"['BA', 'SE', 'SY', 'VW', 'SP', 'CO', 'LB', 'BL']",buy,1,2026-02-19T14:59:11.753113+00:00,property
8689440,A distinctive apartment with a park view for sale,10750000.0,EGP,sell,sale_price,10750000,Apartment,"Park Side Residence, Zed Towers, Sheikh Zayed Compounds, Sheikh Zayed City, Giza",30.046802520751957,31.002105712890625,"['https://static.shared.propertyfinder.eg/media/images/listing/G9Y08G908V7HVAMQQFNKGWJK30/ccf1e12f-1bcd-4a3e-877b-4d227f667619/416x272.jpg', 'https://static.shared.propertyfinder.eg/media/images/listing/G9Y08G908V7HVAMQQFNKGWJK30/ccf1e12f-1bcd-4a3e-877b-4d227f667619/668x452.jpg']",https://www.propertyfinder.eg/en/plp/buy/apartment-for-sale-giza-sheikh-zayed-city-sheikh-zayed-compounds-zed-towers-park-side-residence-8689440.html,3.0,3.0,165,"['BA', 'CP', 'MR', 'SE', 'BL']",buy,1,2026-02-19T14:59:11.753113+00:00,property
8651316,i-Villa 220m+100m Roof Lowest Installment in Zayed,2250000.0,EGP,sell,sale_price,2250000,Apartment,"V Levels, Sheikh Zayed Compounds, Sheikh Zayed City, Giza",30.05337905883789,30.930070877075195,"['https://static.shared.propertyfinder.eg/media/images/listing/FKWQ389V2S5R2Q01676CSJQ2HC/56b9f569-e49d-42a5-9592-e6782a0b42ea/416x272.jpg', 'https://static.shared.propertyfinder.eg/media/images/listing/FKWQ389V2S5R2Q01676CSJQ2HC/56b9f569-e49d-42a5-9592-e6782a0b42ea/668x452.jpg']",https://www.propertyfinder.eg/en/plp/buy/apartment-for-sale-giza-sheikh-zayed-city-sheikh-zayed-compounds-v-levels-8651316.html,4.0,4.0,320,"['BA', 'BW', 'BK', 'MR', 'SP', 'ST', 'SE', 'SY', 'WC', 'BL', 'LB', 'CO']",buy,1,2026-02-19T14:59:11.753113+00:00,property
52971943,Twin House on the Lagoon Direct View dp 10.6,11988000.0,EGP,sell,sale_price,11988000,Twin House,"Mountain View, Ras Al Hekma, North Coast",30.8182315826416,29.118555068969727,"['https://static.shared.propertyfinder.eg/media/images/listing/7S5Y12FDPYXZJCPBDHZC4DQKP8/4cb994fd-6f5c-4b9b-9834-98973d6390a5/416x272.jpg', 'https://static.shared.propertyfinder.eg/media/images/listing/7S5Y12FDPYXZJCPBDHZC4DQKP8/4cb994fd-6f5c-4b9b-9834-98973d6390a5/668x452.jpg']",https://www.propertyfinder.eg/en/plp/buy/twin-house-for-sale-north-coast-ras-al-hekma-mountain-view-2PY5wcGlIvY.html,3.0,4.0,155,"['BA', 'BW', 'CP', 'PG', 'PP', 'SP', 'BK', 'ST', 'VW', 'SE', 'SY', 'WC']",buy,1,2026-02-19T14:59:11.753113+00:00,property
8549029,Villa for sale deliver now in OWEST Fully Finished,18900000.0,EGP,sell,sale_price,18900000,Villa,"O West, 6 October Compounds, 6 October City, Giza",29.969215393066406,30.99283218383789,"['https://static.shared.propertyfinder.eg/media/images/listing/WMNQZ83XQ8BEGC83Q6NPZZ2NMW/9b38a260-5e45-49d0-8fae-b4a8d2e7ddc5/416x272.jpg', 'https://static.shared.propertyfinder.eg/media/images/listing/WMNQZ83XQ8BEGC83Q6NPZZ2NMW/9b38a260-5e45-49d0-8fae-b4a8d2e7ddc5/668x452.jpg']",https://www.propertyfinder.eg/en/plp/buy/villa-for-sale-giza-6-october-city-6-october-compounds-o-west-8549029.html,4.0,6.0,210,"['BA', 'BW', 'CP', 'BK', 'AC', 'PG', 'MR', 'PP', 'SP', 'ST', 'VW', 'SE', 'SS', 'WC', 'BL', 'LB', 'CO', 'SY']",buy,1,2026-02-19T14:59:11.753113+00:00,property
52971933,Apt for sale Good location partial club view 180m,6500000.0,EGP,sell,sale_price,6500000,Apartment,"Mountain View iCity, 5th Settlement Compounds, The 5th Settlement, New Cairo City, Cairo",30.06942367553711,31.5997371673584,"['https://static.shared.propertyfinder.eg/media/images/listing/MYGMGYBNT82ZT744P5N70ZEGAR/8580e624-448f-4ed3-845d-93d48305e0e2/416x272.jpg', 'https://static.shared.propertyfinder.eg/media/images/listing/MYGMGYBNT82ZT744P5N70ZEGAR/8580e624-448f-4ed3-845d-93d48305e0e2/668x452.jpg']",https://www.propertyfinder.eg/en/plp/buy/apartment-for-sale-cairo-new-cairo-city-the-5th-settlement-5th-settlement-compounds-mountain-view-icity-2PY5sKw4fYW.html,3.0,3.0,180,"['BA', 'CP', 'SE']",buy,1,2026-02-19T14:59:11.753113+00:00,property
52971695,Lowest Price Quattro in Diar El Qatariya dp15.7,18480000.0,EGP,sell,sale_price,18480000,Townhouse,"City Gate, 5th Settlement Compounds, The 5th Settlement, New Cairo City, Cairo",30.020864486694336,31.57264518737793,"['https://static.shared.propertyfinder.eg/media/images/listing/FSFTP3GV4MND8ZKD2A9SDZG8A0/70a305f0-3dc3-43d5-9bd4-3293f0ca0000/416x272.jpg', 'https://static.shared.propertyfinder.eg/media/images/listing/FSFTP3GV4MND8ZKD2A9SDZG8A0/70a305f0-3dc3-43d5-9bd4-3293f0ca0000/668x452.jpg']",https://www.propertyfinder.eg/en/plp/buy/townhouse-for-sale-cairo-new-cairo-city-the-5th-settlement-5th-settlement-compounds-city-gate-2PY58uHJkki.html,4.0,4.0,255,"['BK', 'MR', 'BA', 'AC', 'PG', 'SP', 'ST', 'VW', 'SY', 'BL', 'WC']",buy,1,2026-02-19T14:59:11.753113+00:00,property
52711242,BELOW MARKET PRICE - Prime Location - Delivered,15200000.0,EGP,sell,sale_price,15200000,Villa,"Palm Hills New Cairo, 5th Settlement Compounds, The 5th Settlement, New Cairo City, Cairo",30.01227188110352,31.57951545715332,"['https://static.shared.propertyfinder.eg/media/images/listing/FWTF5WQ6M750CQPS0JRK75GYKM/d69038ba-33f0-4145-bd96-c029fae7b07c/416x272.jpg', 'https://static.shared.propertyfinder.eg/media/images/listing/FWTF5WQ6M750CQPS0JRK75GYKM/d69038ba-33f0-4145-bd96-c029fae7b07c/668x452.jpg']",https://www.propertyfinder.eg/en/plp/buy/villa-for-sale-cairo-new-cairo-city-the-5th-settlement-5th-settlement-compounds-palm-hills-new-cairo-2PWGQEUihjk.html,3.0,3.0,224,"['BA', 'MR', 'PG', 'ST', 'SE', 'CO', 'LB', 'BL', 'WC']",buy,1,2026-02-19T14:59:11.753113+00:00,property
52713168,Villa Ready to move installments with Down payment,10500000.0,EGP,sell,sale_price,10500000,Townhouse,"Cavana Springs, Sarai, Mostakbal City Compounds, Mostakbal City - Future City, Cairo",30.09437561035156,31.707836151123047,"['https://static.shared.propertyfinder.eg/media/images/listing/ZFD18GFCVG2MMTS6HKT1NM6M1W/bb4ed98c-a17a-4df7-aeb9-4a31f1d13e39/416x272.jpg', 'https://static.shared.propertyfinder.eg/media/images/listing/ZFD18GFCVG2MMTS6HKT1NM6M1W/bb4ed98c-a17a-4df7-aeb9-4a31f1d13e39/668x452.jpg']",https://www.propertyfinder.eg/en/plp/buy/townhouse-for-sale-cairo-mostakbal-city---future-city-mostakbal-city-compounds-sarai-cavana-springs-2PWKeg3KbXU.html,3.0,3.0,175,"['BA', 'MR', 'PG', 'SP', 'ST', 'SE', 'WC', 'SY']",buy,1,2026-02-19T14:59:11.753113+00:00,property
52971451,spacious 2bedrooms apartment in a lagoon community,5770000.0,EGP,sell,sale_price,5770000,Apartment,"Lavaya, Hurghada, Red Sea",27.085792541503903,33.82925033569336,"['https://static.shared.propertyfinder.eg/media/images/listing/3JWKWEXC2N1K07F1GGCNQ6WP2C/08d8730f-d2f7-4fb6-9cbe-0d055fc82c37/416x272.jpg', 'https://static.shared.propertyfinder.eg/media/images/listing/3JWKWEXC2N1K07F1GGCNQ6WP2C/08d8730f-d2f7-4fb6-9cbe-0d055fc82c37/668x452.jpg']",https://www.propertyfinder.eg/en/plp/buy/apartment-for-sale-red-sea-hurghada-lavaya-2PY43EIX27k.html,2.0,2.0,108,"['BA', 'CP', 'PG', 'SP', 'SE', 'VW', 'SS', 'SY', 'WC', 'BL', 'LB', 'CO']",buy,2,2026-02-19T14:59:15.350855+00:00,property
52971386,شقة لقطة 3 غرف بـ5% مقدم و الباقي حسب مقدرتك,4250000.0,EGP,sell,sale_price,4250000,Apartment,"Green Revolution, Sheikh Zayed Compounds, Sheikh Zayed City, Giza",30.06587219238281,31.001977920532227,"['https://static.shared.propertyfinder.eg/media/images/listing/FVFVKHY300M53JSGPGHB3RDBPG/9d05602f-7fc1-4d82-9a41-a6b56b22527f/416x272.jpg', 'https://static.shared.propertyfinder.eg/media/images/listing/FVFVKHY300M53JSGPGHB3RDBPG/9d05602f-7fc1-4d82-9a41-a6b56b22527f/668x452.jpg']",https://www.propertyfinder.eg/en/plp/buy/apartment-for-sale-giza-sheikh-zayed-city-sheikh-zayed-compounds-green-revolution-2PY3pwqCgxk.html,3.0,2.0,116,"['BA', 'BW', 'AC', 'CP', 'BK', 'PG', 'PP', 'SP', 'ST', 'VW', 'SS', 'SE', 'SY', 'WC', 'BL', 'LB', 'CO']",buy,2,2026-02-19T14:59:15.350855+00:00,property
52971379,شقة لقطة 3 غرف بـ5% مقدم و الباقي حسب مقدرتك,4250000.0,EGP,sell,sale_price,4250000,Apartment,"Hadayek Al Mohandessin, 4th District, Sheikh Zayed City, Giza",30.02766227722168,30.9973087310791,"['https://static.shared.propertyfinder.eg/media/images/listing/XM8HG8YNZGM3RJZ6DX80J3PX7W/f6b79f64-b76b-4af0-b113-9700e1675125/416x272.jpg', 'https://static.shared.propertyfinder.eg/media/images/listing/XM8HG8YNZGM3RJZ6DX80J3PX7W/f6b79f64-b76b-4af0-b113-9700e1675125/668x452.jpg']",https://www.propertyfinder.eg/en/plp/buy/apartment-for-sale-giza-sheikh-zayed-city-4th-district-hadayek-al-mohandessin-2PY3p5eyC2K.html,3.0,2.0,116,"['BA', 'BW', 'AC', 'CP', 'BK', 'PG', 'SP', 'ST', 'PP', 'VW', 'SE', 'SS', 'WC', 'BL', 'LB', 'CO', 'SY']",buy,2,2026-02-19T14:59:15.350855+00:00,property
8116638,"Ready apartment 170 m at lowest price, installment",4600000.0,EGP,sell,sale_price,4600000,Apartment,"Taj City, 5th Settlement Compounds, The 5th Settlement, New Cairo City, Cairo",30.078453063964844,31.42692375183105,"['https://static.shared.propertyfinder.eg/media/images/listing/01K80R1ASK6EBYPGZXRDZ4XJAQ/072e50bd-2773-4c00-930a-6b27d760f901/416x272.jpg', 'https://static.shared.propertyfinder.eg/media/images/listing/01K80R1ASK6EBYPGZXRDZ4XJAQ/072e50bd-2773-4c00-930a-6b27d760f901/668x452.jpg']",https://www.propertyfinder.eg/en/plp/buy/apartment-for-sale-cairo-new-cairo-city-the-5th-settlement-5th-settlement-compounds-taj-city-8116638.html,3.0,3.0,170,"['CP', 'BK', 'AC', 'BA', 'BW', 'MR', 'PG', 'PP', 'SP', 'ST', 'VW', 'SE', 'SS', 'SY', 'WC', 'BL', 'LB', 'CO']",buy,2,2026-02-19T14:59:15.350855+00:00,property
52970578,Cozy Studio Apartment – Air & Pool Breeze,1428000.0,EGP,sell,sale_price,1428000,Apartment,"El Kawther District, Hurghada, Red Sea",27.19314765930176,33.82826614379883,"['https://static.shared.propertyfinder.eg/media/images/listing/77PREFWSVHDJ529YX5N27CTXJC/c2b8bb58-42bc-445b-914f-9710a88e1537/416x272.jpg', 'https://static.shared.propertyfinder.eg/media/images/listing/77PREFWSVHDJ529YX5N27CTXJC/c2b8bb58-42bc-445b-914f-9710a88e1537/668x452.jpg']",https://www.propertyfinder.eg/en/plp/buy/apartment-for-sale-red-sea-hurghada-el-kawther-district-2PY0n258vnk.html,,1.0,34,"['BA', 'CO', 'LB', 'SY', 'SS', 'SE', 'VW', 'SP', 'CP']",buy,2,2026-02-19T14:59:15.350855+00:00,property
52970815,"Villa Prime Location, fully finished Ready to Move",15000000.0,EGP,sell,sale_price,15000000,Villa,"Mountain View 4, 6 October Compounds, 6 October City, Giza",29.985715866088867,31.07987403869629,"['https://static.shared.propertyfinder.eg/media/images/listing/8GJ3CRG434DBVPT0G588FNEV7W/a1eb6e75-c942-458c-ba21-6ebe2d8bfc9c/416x272.jpg', 'https://static.shared.propertyfinder.eg/media/images/listing/8GJ3CRG434DBVPT0G588FNEV7W/a1eb6e75-c942-458c-ba21-6ebe2d8bfc9c/668x452.jpg']",https://www.propertyfinder.eg/en/plp/buy/villa-for-sale-giza-6-october-city-6-october-compounds-mountain-view-4-2PY1WxAx9KS.html,3.0,4.0,230,"['BA', 'SE', 'MR', 'PG', 'LB', 'BL', 'WC', 'BW']",buy,2,2026-02-19T14:59:15.350855+00:00,property
52970395,Exclusive Luxury I-Villa garden in october park,12500000.0,EGP,sell,sale_price,12500000,iVilla,"Mountain View October Park, 6th District, 6 October City, Giza",30.005165100097656,30.928953170776367,"['https://static.shared.propertyfinder.eg/media/images/listing/SYYNWAMSBRBJ9JA4TTQCDB5VB8/01e11ed2-cefc-415a-84d6-f15088340580/416x272.jpg', 'https://static.shared.propertyfinder.eg/media/images/listing/SYYNWAMSBRBJ9JA4TTQCDB5VB8/01e11ed2-cefc-415a-84d6-f15088340580/668x452.jpg']",https://www.propertyfinder.eg/en/plp/buy/ivilla-for-sale-giza-6-october-city-6th-district-mountain-view-october-park-2PXzzGtqxxw.html,3.0,3.0,229,"['BA', 'ST', 'PG', 'SE']",buy,2,2026-02-19T14:59:15.350855+00:00,property
8566050,Fully finished Villa with ACs and kitchen RTM,63000000.0,EGP,sell,sale_price,63000000,Villa,"Cairo Festival City, North Investors Area, New Cairo City, Cairo",30.028350830078125,31.40838432312012,"['https://static.shared.propertyfinder.eg/media/images/listing/BGBB5FBKWDBCC5FE86HDKHFAYW/4c31b683-9546-4da9-8722-de5c2b00e817/416x272.jpg', 'https://static.shared.propertyfinder.eg/media/images/listing/BGBB5FBKWDBCC5FE86HDKHFAYW/4c31b683-9546-4da9-8722-de5c2b00e817/668x452.jpg']",https://www.propertyfinder.eg/en/plp/buy/villa-for-sale-cairo-new-cairo-city-north-investors-area-cairo-festival-city-8566050.html,5.0,6.0,380,"['AC', 'CP', 'BK', 'MR', 'SP', 'ST', 'VW', 'SE', 'SS', 'SY', 'CO']",buy,2,2026-02-19T14:59:15.350855+00:00,property
52970135,"1 Bedroom Side sea View, private beach, Oro beach",5285280.0,EGP,sell,sale_price,5285280,Apartment,"Al Ahyaa District, Hurghada, Red Sea",27.280988693237305,33.77423858642578,"['https://static.shared.propertyfinder.eg/media/images/listing/Y23YR2ETMRT3VC3MZFEVTT3NS4/d83c8e83-24a1-4d1b-a655-fe7484870faf/416x272.jpg', 'https://static.shared.propertyfinder.eg/media/images/listing/Y23YR2ETMRT3VC3MZFEVTT3NS4/d83c8e83-24a1-4d1b-a655-fe7484870faf/668x452.jpg']",https://www.propertyfinder.eg/en/plp/buy/apartment-for-sale-red-sea-hurghada-al-ahyaa-district-2PXz0yGXZxo.html,1.0,1.0,91,"['BA', 'SP', 'ST', 'VW', 'SE', 'SS', 'SY', 'WC', 'BL', 'CO', 'LB']",buy,2,2026-02-19T14:59:15.350855+00:00,property
8500854,Brand New Finished Villa 200m 4BR+3Bath-7Y Install,5000000.0,EGP,sell,sale_price,5000000,Villa,"Mesca, Soma Bay, Safaga, Hurghada, Red Sea",26.864334106445312,33.96331024169922,"['https://static.shared.propertyfinder.eg/media/images/listing/APZJMGWAB9DNZ4JDERRY5E1QYC/7d47e400-fa2a-4f76-9cdf-00d2b9a16705/416x272.jpg', 'https://static.shared.propertyfinder.eg/media/images/listing/APZJMGWAB9DNZ4JDERRY5E1QYC/7d47e400-fa2a-4f76-9cdf-00d2b9a16705/668x452.jpg']",https://www.propertyfinder.eg/en/plp/buy/villa-for-sale-red-sea-hurghada-safaga-soma-bay-mesca-8500854.html,4.0,3.0,20,"['BA', 'BW', 'CP', 'PG', 'SP', 'ST', 'VW', 'SE', 'SS', 'SY', 'BL', 'WC', 'LB', 'CO']",buy,2,2026-02-19T14:59:15.350855+00:00,property
52967867,Luxurious serviced penthouse resale SODIC Villette,19000000.0,EGP,sell,sale_price,19000000,Penthouse,"Villette, 5th Settlement Compounds, The 5th Settlement, New Cairo City, Cairo",30.02259635925293,31.54581451416016,"['https://static.shared.propertyfinder.eg/media/images/listing/Y5YXHP6A8775KMGXGQSVHQB6A4/a9646655-c481-4fb5-b907-956979e3fd8f/416x272.jpg', 'https://static.shared.propertyfinder.eg/media/images/listing/Y5YXHP6A8775KMGXGQSVHQB6A4/a9646655-c481-4fb5-b907-956979e3fd8f/668x452.jpg']",https://www.propertyfinder.eg/en/plp/buy/penthouse-for-sale-cairo-new-cairo-city-the-5th-settlement-5th-settlement-compounds-villette-2PX5dUvDROS.html,3.0,4.0,203,"['BW', 'AC', 'BA', 'CP', 'BK', 'MR', 'PG', 'PP', 'SP', 'ST', 'VW', 'SE', 'SS', 'SY', 'WC', 'BL', 'LB', 'CO']",buy,2,2026-02-19T14:59:15.350855+00:00,property
8708786,"Full sea view(135m) stunning view, luxury finish",910000.0,EGP,sell,sale_price,910000,Chalet,"La Vista 6, La Vista, Al Ain Al Sokhna, Suez",29.3828182220459,32.55379867553711,"['https://static.shared.propertyfinder.eg/media/images/listing/FM30D272PC7GC8FSR7T5T1G7VM/b8f41bc5-653c-4258-80cc-45106c43e9b0/416x272.jpg', 'https://static.shared.propertyfinder.eg/media/images/listing/FM30D272PC7GC8FSR7T5T1G7VM/b8f41bc5-653c-4258-80cc-45106c43e9b0/668x452.jpg']",https://www.propertyfinder.eg/en/plp/buy/chalet-for-sale-suez-al-ain-al-sokhna-la-vista-la-vista-6-8708786.html,3.0,3.0,20,"['BA', 'BW', 'AC', 'CP', 'BK', 'MR', 'ST', 'VW', 'SE', 'SY', 'WC', 'SP', 'BL', 'LB', 'CO', 'SS']",buy,2,2026-02-19T14:59:15.350855+00:00,property
8713345,"No down 135sqm apt, full sea view, hot price",800000.0,EGP,sell,sale_price,800000,Apartment,"IL Bosco, New Capital Compounds, New Capital City, Cairo",29.974742889404297,31.7275505065918,"['https://static.shared.propertyfinder.eg/media/images/listing/6YEXM9ZT34JNAQ0SFT1R2K3MV0/07ae2753-9140-4c8c-b629-225c9ae06aea/416x272.jpg', 'https://static.shared.propertyfinder.eg/media/images/listing/6YEXM9ZT34JNAQ0SFT1R2K3MV0/07ae2753-9140-4c8c-b629-225c9ae06aea/668x452.jpg']",https://www.propertyfinder.eg/en/plp/buy/apartment-for-sale-cairo-new-capital-city-new-capital-compounds-il-bosco-8713345.html,2.0,2.0,20,"['BA', 'BW', 'AC', 'CP', 'BK', 'SP', 'ST', 'SE', 'SS', 'VW', 'WC', 'BL', 'LB', 'CO', 'SY']",buy,2,2026-02-19T14:59:15.350855+00:00,property
8713752,villa RTM SPECIAL offer amazing view+location+5y,5200000.0,EGP,sell,sale_price,5200000,Villa,"La Vista City, New Capital Compounds, New Capital City, Cairo",30.002904891967773,31.595441818237305,"['https://static.shared.propertyfinder.eg/media/images/listing/NWZYTADYSBN4VVST95KX4X3F2R/c2908fe3-2da7-42d0-94d7-2d89c94eb16b/416x272.jpg', 'https://static.shared.propertyfinder.eg/media/images/listing/NWZYTADYSBN4VVST95KX4X3F2R/c2908fe3-2da7-42d0-94d7-2d89c94eb16b/668x452.jpg']",https://www.propertyfinder.eg/en/plp/buy/villa-for-sale-cairo-new-capital-city-new-capital-compounds-la-vista-city-8713752.html,4.0,5.0,50,"['BA', 'SP']",buy,2,2026-02-19T14:59:15.350855+00:00,property
8624016,"fully finished facing north, ready to move install",4800000.0,EGP,sell,sale_price,4800000,Apartment,"Latin District, New Alamein City, Al Alamein, North Coast",30.8568115234375,28.90464973449707,"['https://static.shared.propertyfinder.eg/media/images/listing/FJ26VPWKM7A475Z94F9T4Q2FF0/d42ba114-2e28-4815-9314-da42c5f84db9/416x272.jpg', 'https://static.shared.propertyfinder.eg/media/images/listing/FJ26VPWKM7A475Z94F9T4Q2FF0/d42ba114-2e28-4815-9314-da42c5f84db9/668x452.jpg']",https://www.propertyfinder.eg/en/plp/buy/apartment-for-sale-north-coast-al-alamein-latin-district-8624016.html,2.0,2.0,124,"['BA', 'CP', 'ST', 'SP', 'VW', 'SS', 'SE', 'SY', 'WC', 'BL']",buy,2,2026-02-19T14:59:15.350855+00:00,property
8623985,"Ready to move 135 Sqm ( 1,150,000 down payment )",1150000.0,EGP,sell,sale_price,1150000,Apartment,"Stoda, Sheraton Al Matar, El Nozha, Cairo",30.088808059692383,31.3783016204834,"['https://static.shared.propertyfinder.eg/media/images/listing/A8HMP78QFTXSQ9ZP9XCM2NAE6W/19ef10de-1828-40b3-9708-dfe710169c18/416x272.jpg', 'https://static.shared.propertyfinder.eg/media/images/listing/A8HMP78QFTXSQ9ZP9XCM2NAE6W/19ef10de-1828-40b3-9708-dfe710169c18/668x452.jpg']",https://www.propertyfinder.eg/en/plp/buy/apartment-for-sale-cairo-el-nozha-sheraton-al-matar-stoda-8623985.html,2.0,2.0,25,"['BA', 'CP', 'SP', 'ST', 'VW', 'SE', 'SS', 'SY', 'WC', 'BL']",buy,2,2026-02-19T14:59:15.350855+00:00,property
52968759,Lowest Down Payment For 3 bed Apartment At Alaire.,5050000.0,EGP,sell,sale_price,5050000,Apartment,"Alaire, The City of Odyssia, Mostakbal City Compounds, Mostakbal City - Future City, Cairo",30.0498046875,31.63866806030273,"['https://static.shared.propertyfinder.eg/media/images/listing/FTRD8H8KM35ZK5TYYBBFF8P1B4/ac2c58e1-c3c2-47ca-aea4-94d1a053e04e/416x272.jpg', 'https://static.shared.propertyfinder.eg/media/images/listing/FTRD8H8KM35ZK5TYYBBFF8P1B4/ac2c58e1-c3c2-47ca-aea4-94d1a053e04e/668x452.jpg']",https://www.propertyfinder.eg/en/plp/buy/apartment-for-sale-cairo-mostakbal-city-future-city-mostakbal-city-compounds-the-city-of-odyssia-alaire-2PXsLdIwmdU.html,3.0,3.0,184,"['BA', 'SE']",buy,2,2026-02-19T14:59:15.350855+00:00,property
8520634,Apartment for sale - TURNKEY AIRBNB – HELIOPOLIS,5700000.0,EGP,sell,sale_price,5700000,Apartment,"Heliopolis Square, Heliopolis Square, El Nozha, Cairo",30.10805892944336,31.33824920654297,"['https://static.shared.propertyfinder.eg/media/images/listing/SYRZ8HKYNPMGCEDYWZBMJYXNN4/14b72d04-cd2a-4ee6-9b4c-de7475a3c573/416x272.jpg', 'https://static.shared.propertyfinder.eg/media/images/listing/SYRZ8HKYNPMGCEDYWZBMJYXNN4/14b72d04-cd2a-4ee6-9b4c-de7475a3c573/668x452.jpg']",https://www.propertyfinder.eg/en/plp/buy/apartment-for-sale-cairo-el-nozha-heliopolis-square-heliopolis-square-8520634.html,2.0,1.0,140,['BA'],buy,2,2026-02-19T14:59:15.350855+00:00,property
52968537,Below Market Price – Sea View Twin House  in Gaia,18852970.0,EGP,sell,sale_price,18852970,Twin House,"Gaia, Ras Al Hekma, North Coast",31.04988670349121,28.04056739807129,"['https://static.shared.propertyfinder.eg/media/images/listing/XRXA1C1XZ35QEE6KC47A2T15W8/de3c7804-2bdc-499f-a31e-afab78cfd408/416x272.jpg', 'https://static.shared.propertyfinder.eg/media/images/listing/XRXA1C1XZ35QEE6KC47A2T15W8/de3c7804-2bdc-499f-a31e-afab78cfd408/668x452.jpg']",https://www.propertyfinder.eg/en/plp/buy/twin-house-for-sale-north-coast-ras-al-hekma-gaia-2PXq8HRBT5U.html,4.0,3.0,245,"['BA', 'MR', 'PG', 'SP', 'VW', 'SE', 'CO']",buy,2,2026-02-19T14:59:15.350855+00:00,property
52968531,apartment 4 bedrooms ready to move at the square.,7700000.0,EGP,sell,sale_price,7700000,Apartment,"The Square, 5th Settlement Compounds, The 5th Settlement, New Cairo City, Cairo",30.000179290771484,31.552690505981445,"['https://static.shared.propertyfinder.eg/media/images/listing/7WD751XTRYRT24XW0MYZ4DXM4R/45c6145e-5e97-4b2f-994c-b871aa449965/416x272.jpg', 'https://static.shared.propertyfinder.eg/media/images/listing/7WD751XTRYRT24XW0MYZ4DXM4R/45c6145e-5e97-4b2f-994c-b871aa449965/668x452.jpg']",https://www.propertyfinder.eg/en/plp/buy/apartment-for-sale-cairo-new-cairo-city-the-5th-settlement-5th-settlement-compounds-the-square-2PXq2OHN1bk.html,4.0,3.0,210,"['BA', 'SE']",buy,2,2026-02-19T14:59:15.350855+00:00,property
52968529,penthouse sea view with lowest price,7300000.0,EGP,sell,sale_price,7300000,Penthouse,"Amwaj, Sidi Abdel Rahman, North Coast",30.996368408203125,28.680442810058597,"['https://static.shared.propertyfinder.eg/media/images/listing/R59GVR78HPCTY538TCP5TY7K8R/d725a112-67f7-47b6-8045-b27a3ddbcf6d/416x272.jpg', 'https://static.shared.propertyfinder.eg/media/images/listing/R59GVR78HPCTY538TCP5TY7K8R/d725a112-67f7-47b6-8045-b27a3ddbcf6d/668x452.jpg']",https://www.propertyfinder.eg/en/plp/buy/penthouse-for-sale-north-coast-sidi-abdel-rahman-amwaj-2PXq0cXzG1Q.html,2.0,2.0,117,"['BA', 'VW', 'CO']",buy,2,2026-02-19T14:59:15.350855+00:00,property
52968487,For Sale – Garden Corner I-Villa -immediate Delive,10000000.0,EGP,sell,sale_price,10000000,iVilla,"Mountain View October Park, 6th District, 6 October City, Giza",30.005165100097656,30.928953170776367,"['https://static.shared.propertyfinder.eg/media/images/listing/S8JV2KTAK8J2RZ62JVJX0GP75G/01642650-8804-4fa2-80e4-caea570d74c3/416x272.jpg', 'https://static.shared.propertyfinder.eg/media/images/listing/S8JV2KTAK8J2RZ62JVJX0GP75G/01642650-8804-4fa2-80e4-caea570d74c3/668x452.jpg']",https://www.propertyfinder.eg/en/plp/buy/ivilla-for-sale-giza-6-october-city-6th-district-mountain-view-october-park-2PXpffsamgq.html,3.0,3.0,273,"['BA', 'MR', 'PG', 'SE', 'LB']",buy,2,2026-02-19T14:59:15.350855+00:00,property
52968408,95m_2 bedroom –fully finished_delivery August 2026,3700000.0,EGP,sell,sale_price,3700000,Apartment,"El Kawther District, Hurghada, Red Sea",27.19314765930176,33.82826614379883,"['https://static.shared.propertyfinder.eg/media/images/listing/GDE96SVYZGBN3ZHKGY7HQNRWEG/c5e8ae22-45ed-4734-92a0-f3fdc0728d36/416x272.jpg', 'https://static.shared.propertyfinder.eg/media/images/listing/GDE96SVYZGBN3ZHKGY7HQNRWEG/c5e8ae22-45ed-4734-92a0-f3fdc0728d36/668x452.jpg']",https://www.propertyfinder.eg/en/plp/buy/apartment-for-sale-red-sea-hurghada-el-kawther-district-2PXoNPOIk76.html,2.0,1.0,95,"['BA', 'SP', 'VW', 'SE', 'BL', 'LB', 'CO']",buy,2,2026-02-19T14:59:15.350855+00:00,property
52968297,Prime location villa type s + penthouse,14998722.0,EGP,sell,sale_price,14998722,Villa,"Badya Palm Hills, 6 October Compounds, 6 October City, Giza",29.909303665161133,30.67119598388672,"['https://static.shared.propertyfinder.eg/media/images/listing/NVHZGMT1H6WDDJWZX46EDMWKQM/3c203a8f-ea43-4e80-bcaa-0ec1c6d855d6/416x272.jpg', 'https://static.shared.propertyfinder.eg/media/images/listing/NVHZGMT1H6WDDJWZX46EDMWKQM/3c203a8f-ea43-4e80-bcaa-0ec1c6d855d6/668x452.jpg']",https://www.propertyfinder.eg/en/plp/buy/villa-for-sale-giza-6-october-city-6-october-compounds-badya-palm-hills-2PXk8toBQye.html,4.0,6.0,200,"['BA', 'CP', 'MR', 'PG', 'PP', 'SE', 'SS', 'SY', 'BL']",buy,2,2026-02-19T14:59:15.350855+00:00,property
8662761,Apartment for sale with installments over 10 years,11000000.0,EGP,sell,sale_price,11000000,Apartment,"O West, 6 October Compounds, 6 October City, Giza",29.969215393066406,30.99283218383789,"['https://static.shared.propertyfinder.eg/media/images/listing/7MSPH8RJ0HDKA5HVA9QJC4CXVW/64e6400a-862a-4d7a-86e4-bd2462fd529d/416x272.jpg', 'https://static.shared.propertyfinder.eg/media/images/listing/7MSPH8RJ0HDKA5HVA9QJC4CXVW/64e6400a-862a-4d7a-86e4-bd2462fd529d/668x452.jpg']",https://www.propertyfinder.eg/en/plp/buy/apartment-for-sale-giza-6-october-city-6-october-compounds-o-west-8662761.html,3.0,3.0,150,"['BA', 'BW', 'AC', 'CP', 'BK', 'MR', 'PG', 'PP', 'SP', 'SE', 'ST', 'VW', 'SY', 'SS', 'WC', 'LB', 'BL', 'CO']",buy,2,2026-02-19T14:59:15.350855+00:00,property
